[
    {
        "sno": "500101022",
        "sna": "YouBike2.0_捷運公館站(2號出口)",
        "tot": 99,
        "sbi": 45,
        "sarea": "大安區",
        "mday": "2023-12-18 19:52:17",
        "lat": 25.01491,
        "lng": 121.53438,
        "ar": "捷運公館站(2號出口)外側",
        "sareaen": "Daan Dist.",
        "snaen": "YouBike2.0_MRT Gongguan Sta. (Exit 2)",
        "aren": "MRT Gongguan Sta. (Exit 2)",
        "bemp": 29.428571428571427,
        "act": "1",
        "srcUpdateTime": "2023-12-18 19:52:41",
        "updateTime": "2023-12-18 19:52:51",
        "infoTime": "2023-12-18 19:52:17",
        "infoDate": "2023-12-18"
    },
    {
        "sno": "500101028",
        "sna": "YouBike2.0_臺大醫學院附設癌醫中心",
        "tot": 20,
        "sbi": 0,
        "sarea": "大安區",
        "mday": "2023-12-18 19:52:06",
        "lat": 25.01426,
        "lng": 121.54382,
        "ar": "基隆路三段155巷57號西側",
        "sareaen": "Daan Dist.",
        "snaen": "YouBike2.0_NTU Cancer Center",
        "aren": "No. 57， Ln. 155， Sec. 3， Keelung Rd.(West)",
        "bemp": 16.857142857142858,
        "act": "1",
        "srcUpdateTime": "2023-12-18 19:52:41",
        "updateTime": "2023-12-18 19:52:51",
        "infoTime": "2023-12-18 19:52:06",
        "infoDate": "2023-12-18"
    },
    {
        "sno": "500101029",
        "sna": "YouBike2.0_臺大環研大樓",
        "tot": 15,
        "sbi": 1,
        "sarea": "大安區",
        "mday": "2023-12-18 19:52:06",
        "lat": 25.01234,
        "lng": 121.54503,
        "ar": "芳蘭路/基隆路三段155巷口",
        "sareaen": "Daan Dist.",
        "snaen": "YouBike2.0_NTU Environment Research Building",
        "aren": "Fanglan Rd & Ln. 155， Sec. 3， Keelung Rd. Intersection",
        "bemp": 14.0,
        "act": "1",
        "srcUpdateTime": "2023-12-18 19:52:41",
        "updateTime": "2023-12-18 19:52:51",
        "infoTime": "2023-12-18 19:52:06",
        "infoDate": "2023-12-18"
    },
    {
        "sno": "500101030",
        "sna": "YouBike2.0_臺大永齡生醫工程館",
        "tot": 34,
        "sbi": 1,
        "sarea": "大安區",
        "mday": "2023-12-18 19:52:06",
        "lat": 25.0136,
        "lng": 121.54656,
        "ar": "芳蘭路51號西北側",
        "sareaen": "Daan Dist.",
        "snaen": "YouBike2.0_NTU Yonglin Biomedical Engineering Hall",
        "aren": "No. 51， Fanglan Rd.(Northwest)",
        "bemp": 32.0,
        "act": "1",
        "srcUpdateTime": "2023-12-18 19:52:41",
        "updateTime": "2023-12-18 19:52:51",
        "infoTime": "2023-12-18 19:52:06",
        "infoDate": "2023-12-18"
    },
    {
        "sno": "500101031",
        "sna": "YouBike2.0_臺大男七舍前",
        "tot": 20,
        "sbi": 4,
        "sarea": "大安區",
        "mday": "2023-12-18 19:52:06",
        "lat": 25.01537,
        "lng": 121.54698,
        "ar": "長興街/長興街80巷口西側",
        "sareaen": "Daan Dist.",
        "snaen": "YouBike2.0_NTU 7th Men's Dorm",
        "aren": "Ln. 80， Changxing St. Intersection(West)",
        "bemp": 17.571428571428573,
        "act": "1",
        "srcUpdateTime": "2023-12-18 19:52:41",
        "updateTime": "2023-12-18 19:52:51",
        "infoTime": "2023-12-18 19:52:06",
        "infoDate": "2023-12-18"
    },
    {
        "sno": "500101032",
        "sna": "YouBike2.0_臺大男一舍前",
        "tot": 61,
        "sbi": 9,
        "sarea": "大安區",
        "mday": "2023-12-18 19:52:06",
        "lat": 25.01637,
        "lng": 121.54535,
        "ar": "長興街50號西北側",
        "sareaen": "Daan Dist.",
        "snaen": "YouBike2.0_NTU 1st Men's Dorm",
        "aren": "No. 50， Changxing St.(Northwest)",
        "bemp": 57.42857142857143,
        "act": "1",
        "srcUpdateTime": "2023-12-18 19:52:41",
        "updateTime": "2023-12-18 19:52:51",
        "infoTime": "2023-12-18 19:52:06",
        "infoDate": "2023-12-18"
    },
    {
        "sno": "500101033",
        "sna": "YouBike2.0_臺大男六舍前",
        "tot": 46,
        "sbi": 5,
        "sarea": "大安區",
        "mday": "2023-12-18 19:52:06",
        "lat": 25.01664,
        "lng": 121.5452,
        "ar": "大安區長興街31號",
        "sareaen": "Daan Dist.",
        "snaen": "YouBike2.0_NTU 6th Men's Dorm",
        "aren": "No. 31， Changxing St.",
        "bemp": 43.57142857142857,
        "act": "1",
        "srcUpdateTime": "2023-12-18 19:52:41",
        "updateTime": "2023-12-18 19:52:51",
        "infoTime": "2023-12-18 19:52:06",
        "infoDate": "2023-12-18"
    },
    {
        "sno": "500101035",
        "sna": "YouBike2.0_臺大土木研究大樓前",
        "tot": 24,
        "sbi": 4,
        "sarea": "大安區",
        "mday": "2023-12-18 19:52:06",
        "lat": 25.01787,
        "lng": 121.5476,
        "ar": "辛亥路三段188號",
        "sareaen": "Daan Dist.",
        "snaen": "YouBike2.0_NTU Civil Engineering Research Building",
        "aren": "No. 188， Sec. 3， Xinhai Rd.",
        "bemp": 19.0,
        "act": "1",
        "srcUpdateTime": "2023-12-18 19:52:41",
        "updateTime": "2023-12-18 19:52:51",
        "infoTime": "2023-12-18 19:52:06",
        "infoDate": "2023-12-18"
    },
    {
        "sno": "500101036",
        "sna": "YouBike2.0_臺大萬才館前",
        "tot": 20,
        "sbi": 1,
        "sarea": "大安區",
        "mday": "2023-12-18 19:52:06",
        "lat": 25.02032,
        "lng": 121.54497,
        "ar": "臺大萬才館北側",
        "sareaen": "Daan Dist.",
        "snaen": "YouBike2.0_NTU Wan Tsai Research Hall",
        "aren": "NTU Wan Tsai Research Hall",
        "bemp": 19.714285714285715,
        "act": "1",
        "srcUpdateTime": "2023-12-18 19:52:41",
        "updateTime": "2023-12-18 19:52:51",
        "infoTime": "2023-12-18 19:52:06",
        "infoDate": "2023-12-18"
    },
    {
        "sno": "500101037",
        "sna": "YouBike2.0_臺大國青大樓宿舍前",
        "tot": 20,
        "sbi": 5,
        "sarea": "大安區",
        "mday": "2023-12-18 19:52:06",
        "lat": 25.02076,
        "lng": 121.54432,
        "ar": "辛亥路三段30號西北側",
        "sareaen": "Daan Dist.",
        "snaen": "YouBike2.0_NTU Guo - Ching Building",
        "aren": "No. 30， Sec. 3， Xinhai Rd.(Northwest)",
        "bemp": 15.285714285714286,
        "act": "1",
        "srcUpdateTime": "2023-12-18 19:52:41",
        "updateTime": "2023-12-18 19:52:51",
        "infoTime": "2023-12-18 19:52:06",
        "infoDate": "2023-12-18"
    },
    {
        "sno": "500101038",
        "sna": "YouBike2.0_臺大社科院圖書館前",
        "tot": 27,
        "sbi": 0,
        "sarea": "大安區",
        "mday": "2023-12-18 19:52:06",
        "lat": 25.02101,
        "lng": 121.54284,
        "ar": "辛亥路與復興南路口西南側",
        "sareaen": "Daan Dist.",
        "snaen": "YouBike2.0_NTU College of social Sciences Building",
        "aren": "Xinhai Fuxing Rd. Intersection (Southwest)",
        "bemp": 25.142857142857142,
        "act": "1",
        "srcUpdateTime": "2023-12-18 19:52:41",
        "updateTime": "2023-12-18 19:52:51",
        "infoTime": "2023-12-18 19:52:06",
        "infoDate": "2023-12-18"
    },
    {
        "sno": "500101039",
        "sna": "YouBike2.0_臺大法人語言訓練中心前",
        "tot": 28,
        "sbi": 0,
        "sarea": "大安區",
        "mday": "2023-12-18 19:52:06",
        "lat": 25.02104,
        "lng": 121.54081,
        "ar": "臺大法人語言訓練中心北側",
        "sareaen": "Daan Dist.",
        "snaen": "YouBike2.0_NTU Language Training & Testing Center",
        "aren": "NTU Language Training & Testing Center(North)",
        "bemp": 27.857142857142858,
        "act": "1",
        "srcUpdateTime": "2023-12-18 19:52:41",
        "updateTime": "2023-12-18 19:52:51",
        "infoTime": "2023-12-18 19:52:06",
        "infoDate": "2023-12-18"
    },
    {
        "sno": "500101040",
        "sna": "YouBike2.0_臺大綜合體育館停車場前",
        "tot": 25,
        "sbi": 8,
        "sarea": "大安區",
        "mday": "2023-12-18 19:52:06",
        "lat": 25.0222,
        "lng": 121.53626,
        "ar": "臺大綜合體育館北側",
        "sareaen": "Daan Dist.",
        "snaen": "YouBike2.0_NTU Sports Center Car Park",
        "aren": "NTU Sports Center(North)",
        "bemp": 18.571428571428573,
        "act": "1",
        "srcUpdateTime": "2023-12-18 19:52:41",
        "updateTime": "2023-12-18 19:52:51",
        "infoTime": "2023-12-18 19:52:06",
        "infoDate": "2023-12-18"
    },
    {
        "sno": "500101181",
        "sna": "YouBike2.0_捷運公館站(3號出口)",
        "tot": 90,
        "sbi": 80,
        "sarea": "大安區",
        "mday": "2023-12-18 19:52:17",
        "lat": 25.01551,
        "lng": 121.53374,
        "ar": "捷運公館站(3號出口)西側",
        "sareaen": "Daan Dist.",
        "snaen": "YouBike2.0_MRT Gongguan Sta.(Exit.3)",
        "aren": "MRT Gongguan Sta.(Exit.3)(West)",
        "bemp": 22.142857142857142,
        "act": "1",
        "srcUpdateTime": "2023-12-18 19:52:41",
        "updateTime": "2023-12-18 19:52:51",
        "infoTime": "2023-12-18 19:52:17",
        "infoDate": "2023-12-18"
    },
    {
        "sno": "500101209",
        "sna": "YouBike2.0_臺大資訊大樓",
        "tot": 40,
        "sbi": 4,
        "sarea": "大安區",
        "mday": "2023-12-18 19:52:17",
        "lat": 25.02101,
        "lng": 121.54153,
        "ar": "辛亥路二段(臺大外語學院外)",
        "sareaen": "Daan Dist.",
        "snaen": "YouBike2.0_NTU Information Building",
        "aren": "Sec. 2， Xinhai Rd.(NTU Language Center)",
        "bemp": 35.857142857142854,
        "act": "1",
        "srcUpdateTime": "2023-12-18 19:52:41",
        "updateTime": "2023-12-18 19:52:51",
        "infoTime": "2023-12-18 19:52:17",
        "infoDate": "2023-12-18"
    },
    {
        "sno": "500106003",
        "sna": "YouBike2.0_捷運公館站(1號出口)",
        "tot": 12,
        "sbi": 3,
        "sarea": "中正區",
        "mday": "2023-12-18 19:52:06",
        "lat": 25.014529,
        "lng": 121.534374,
        "ar": "羅斯福路四段68號",
        "sareaen": "Zhongzheng Dist",
        "snaen": "YouBike2.0_MRT Gongguan Sta. (Exit 1)",
        "aren": "No.68， Sec. 4， Roosevelt Rd.",
        "bemp": 8.857142857142858,
        "act": "1",
        "srcUpdateTime": "2023-12-18 19:52:41",
        "updateTime": "2023-12-18 19:52:51",
        "infoTime": "2023-12-18 19:52:06",
        "infoDate": "2023-12-18"
    },
    {
        "sno": "500106004",
        "sna": "YouBike2.0_捷運公館站(4號出口)",
        "tot": 12,
        "sbi": 11,
        "sarea": "中正區",
        "mday": "2023-12-18 19:52:06",
        "lat": 25.015069,
        "lng": 121.533828,
        "ar": "羅斯福路四段48號",
        "sareaen": "Zhongzheng Dist",
        "snaen": "YouBike2.0_MRT Gongguan Sta. (Exit 4)",
        "aren": "No.48， Sec. 4， Roosevelt Rd.",
        "bemp": 1.4285714285714286,
        "act": "1",
        "srcUpdateTime": "2023-12-18 19:52:41",
        "updateTime": "2023-12-18 19:52:51",
        "infoTime": "2023-12-18 19:52:06",
        "infoDate": "2023-12-18"
    },
    {
        "sno": "500119005",
        "sna": "YouBike2.0_臺大水源舍區A棟",
        "tot": 37,
        "sbi": 2,
        "sarea": "臺大公館校區",
        "mday": "2023-12-18 19:52:17",
        "lat": 25.01493,
        "lng": 121.53044,
        "ar": "汀洲路三段60巷2弄路側(A舍北側)",
        "sareaen": "NTU Dist",
        "snaen": "YouBike2.0_NTU ShuiYuan Dorms(A)",
        "aren": "Aly. 2， Ln. 60， Sec. 3， Tingzhou Rd. Dorms A(North)",
        "bemp": 33.142857142857146,
        "act": "1",
        "srcUpdateTime": "2023-12-18 19:52:41",
        "updateTime": "2023-12-18 19:52:51",
        "infoTime": "2023-12-18 19:52:17",
        "infoDate": "2023-12-18"
    },
    {
        "sno": "500119006",
        "sna": "YouBike2.0_臺大卓越研究大樓",
        "tot": 32,
        "sbi": 15,
        "sarea": "臺大公館校區",
        "mday": "2023-12-18 19:52:17",
        "lat": 25.01466,
        "lng": 121.52917,
        "ar": "臺大水源舍區C南側",
        "sareaen": "NTU Dist",
        "snaen": "YouBike2.0_NTU Complex for Research Excellence",
        "aren": "NTU Prince House Chang Hsing Dorms C(South)",
        "bemp": 18.0,
        "act": "1",
        "srcUpdateTime": "2023-12-18 19:52:41",
        "updateTime": "2023-12-18 19:52:51",
        "infoTime": "2023-12-18 19:52:17",
        "infoDate": "2023-12-18"
    },
    {
        "sno": "500119007",
        "sna": "YouBike2.0_臺大水源修齊會館",
        "tot": 18,
        "sbi": 4,
        "sarea": "臺大公館校區",
        "mday": "2023-12-18 19:52:17",
        "lat": 25.01411,
        "lng": 121.52997,
        "ar": "思源街16號之1旁",
        "sareaen": "NTU Dist",
        "snaen": "YouBike2.0_NTU ShuiYuan HsiuChi House",
        "aren": "No.16-1， Siyuan St.",
        "bemp": 13.857142857142858,
        "act": "1",
        "srcUpdateTime": "2023-12-18 19:52:41",
        "updateTime": "2023-12-18 19:52:51",
        "infoTime": "2023-12-18 19:52:17",
        "infoDate": "2023-12-18"
    },
    {
        "sno": "500119008",
        "sna": "YouBike2.0_臺大檔案展示館",
        "tot": 10,
        "sbi": 5,
        "sarea": "臺大公館校區",
        "mday": "2023-12-18 19:52:17",
        "lat": 25.01391,
        "lng": 121.52895,
        "ar": "臺大檔案展示館東北側",
        "sareaen": "NTU Dist",
        "snaen": "YouBike2.0_NTU Archives",
        "aren": "NTU Archives(Northeast)",
        "bemp": 4.428571428571429,
        "act": "1",
        "srcUpdateTime": "2023-12-18 19:52:41",
        "updateTime": "2023-12-18 19:52:51",
        "infoTime": "2023-12-18 19:52:17",
        "infoDate": "2023-12-18"
    },
    {
        "sno": "500119009",
        "sna": "YouBike2.0_臺大水源舍區B棟",
        "tot": 30,
        "sbi": 9,
        "sarea": "臺大公館校區",
        "mday": "2023-12-18 19:52:17",
        "lat": 25.01525,
        "lng": 121.53009,
        "ar": "汀洲路三段60巷2弄路側(B舍北側)",
        "sareaen": "NTU Dist",
        "snaen": "YouBike2.0_NTU ShuiYuan Dorms(B)",
        "aren": "Aly. 2， Ln. 60， Sec. 3， Tingzhou Rd. Dorms B(North)",
        "bemp": 23.0,
        "act": "1",
        "srcUpdateTime": "2023-12-18 19:52:41",
        "updateTime": "2023-12-18 19:52:51",
        "infoTime": "2023-12-18 19:52:17",
        "infoDate": "2023-12-18"
    },
    {
        "sno": "500119043",
        "sna": "YouBike2.0_臺大男八舍東側",
        "tot": 42,
        "sbi": 8,
        "sarea": "臺大公館校區",
        "mday": "2023-12-18 19:52:17",
        "lat": 25.01729,
        "lng": 121.54531,
        "ar": "臺大男八舍東側",
        "sareaen": "NTU Dist",
        "snaen": "YouBike2.0_NTU 8th Men's Dorm(East)",
        "aren": "NTU 8th Men's Dorm(East)",
        "bemp": 38.0,
        "act": "1",
        "srcUpdateTime": "2023-12-18 19:52:41",
        "updateTime": "2023-12-18 19:52:51",
        "infoTime": "2023-12-18 19:52:17",
        "infoDate": "2023-12-18"
    },
    {
        "sno": "500119044",
        "sna": "YouBike2.0_臺大禮賢樓東南側",
        "tot": 23,
        "sbi": 1,
        "sarea": "臺大公館校區",
        "mday": "2023-12-18 19:52:17",
        "lat": 25.01408,
        "lng": 121.53759,
        "ar": "臺大仰萃樓東南側",
        "sareaen": "NTU Dist",
        "snaen": "YouBike2.0_NTU Courtesy House(Southeast)",
        "aren": "NTU The Apex Building(Southeast)",
        "bemp": 21.285714285714285,
        "act": "1",
        "srcUpdateTime": "2023-12-18 19:52:41",
        "updateTime": "2023-12-18 19:52:51",
        "infoTime": "2023-12-18 19:52:17",
        "infoDate": "2023-12-18"
    },
    {
        "sno": "500119045",
        "sna": "YouBike2.0_臺大農業陳列館北側",
        "tot": 45,
        "sbi": 25,
        "sarea": "臺大公館校區",
        "mday": "2023-12-18 19:52:17",
        "lat": 25.01839,
        "lng": 121.53404,
        "ar": "農業陳列館北側",
        "sareaen": "NTU Dist",
        "snaen": "YouBike2.0_NTU Agricultural Exhibition Hall(North)",
        "aren": "NTU Agricultural Exhibition Hall(North)",
        "bemp": 12.857142857142858,
        "act": "1",
        "srcUpdateTime": "2023-12-18 19:52:41",
        "updateTime": "2023-12-18 19:52:51",
        "infoTime": "2023-12-18 19:52:17",
        "infoDate": "2023-12-18"
    },
    {
        "sno": "500119046",
        "sna": "YouBike2.0_臺大管理學院二館北側",
        "tot": 40,
        "sbi": 6,
        "sarea": "臺大公館校區",
        "mday": "2023-12-18 19:52:17",
        "lat": 25.01355,
        "lng": 121.53673,
        "ar": "管理學院二號館北側",
        "sareaen": "NTU Dist",
        "snaen": "YouBike2.0_NTU Building 2， College of Management(North)",
        "aren": "NTU Building 2， College of Management(North)",
        "bemp": 34.714285714285715,
        "act": "1",
        "srcUpdateTime": "2023-12-18 19:52:41",
        "updateTime": "2023-12-18 19:52:51",
        "infoTime": "2023-12-18 19:52:17",
        "infoDate": "2023-12-18"
    },
    {
        "sno": "500119047",
        "sna": "YouBike2.0_臺大土木系館",
        "tot": 30,
        "sbi": 0,
        "sarea": "臺大公館校區",
        "mday": "2023-12-18 19:52:17",
        "lat": 25.01761,
        "lng": 121.53844,
        "ar": "臺大土木工程學系所南側",
        "sareaen": "NTU Dist",
        "snaen": "YouBike2.0_NTU Dept. of Civil Engineering",
        "aren": "NTU Dept. of Civil Engineering(South)",
        "bemp": 29.571428571428573,
        "act": "1",
        "srcUpdateTime": "2023-12-18 19:52:41",
        "updateTime": "2023-12-18 19:52:51",
        "infoTime": "2023-12-18 19:52:17",
        "infoDate": "2023-12-18"
    },
    {
        "sno": "500119048",
        "sna": "YouBike2.0_臺大大一女舍北側",
        "tot": 53,
        "sbi": 52,
        "sarea": "臺大公館校區",
        "mday": "2023-12-18 19:52:17",
        "lat": 25.01547,
        "lng": 121.53436,
        "ar": "臺大女一舍北側",
        "sareaen": "NTU Dist",
        "snaen": "YouBike2.0_NTU Freshman Women's Dorm(North)",
        "aren": "NTU Freshman Women's Dorm(North)",
        "bemp": 1.7142857142857142,
        "act": "1",
        "srcUpdateTime": "2023-12-18 19:52:41",
        "updateTime": "2023-12-18 19:52:51",
        "infoTime": "2023-12-18 19:52:17",
        "infoDate": "2023-12-18"
    },
    {
        "sno": "500119049",
        "sna": "YouBike2.0_臺大女九舍西南側",
        "tot": 62,
        "sbi": 24,
        "sarea": "臺大公館校區",
        "mday": "2023-12-18 19:52:17",
        "lat": 25.01937,
        "lng": 121.53902,
        "ar": "臺大女九舍西南側",
        "sareaen": "NTU Dist",
        "snaen": "YouBike2.0_NTU 9th Women's Dorm(Southwest)",
        "aren": "NTU 9th Women's Dorm(Southwest)",
        "bemp": 33.285714285714285,
        "act": "1",
        "srcUpdateTime": "2023-12-18 19:52:41",
        "updateTime": "2023-12-18 19:52:51",
        "infoTime": "2023-12-18 19:52:17",
        "infoDate": "2023-12-18"
    },
    {
        "sno": "500119050",
        "sna": "YouBike2.0_臺大小福樓東側",
        "tot": 31,
        "sbi": 1,
        "sarea": "臺大公館校區",
        "mday": "2023-12-18 19:52:17",
        "lat": 25.01846,
        "lng": 121.5376,
        "ar": "臺大小福樓東側",
        "sareaen": "NTU Dist",
        "snaen": "YouBike2.0_NTU Xiao Fu Commissary(East)",
        "aren": "NTU Xiao Fu Commissary(East)",
        "bemp": 30.428571428571427,
        "act": "1",
        "srcUpdateTime": "2023-12-18 19:52:41",
        "updateTime": "2023-12-18 19:52:51",
        "infoTime": "2023-12-18 19:52:17",
        "infoDate": "2023-12-18"
    },
    {
        "sno": "500119051",
        "sna": "YouBike2.0_臺大立體機車停車場",
        "tot": 27,
        "sbi": 1,
        "sarea": "臺大公館校區",
        "mday": "2023-12-18 19:52:17",
        "lat": 25.01616,
        "lng": 121.54251,
        "ar": "基隆路三段/基隆路三段156巷口北側",
        "sareaen": "NTU Dist",
        "snaen": "YouBike2.0_NTU Parking lot(Motorcycle)",
        "aren": "Ln. 156， Sec. 3， Keelung Rd. Intersection(North)",
        "bemp": 25.428571428571427,
        "act": "1",
        "srcUpdateTime": "2023-12-18 19:52:41",
        "updateTime": "2023-12-18 19:52:51",
        "infoTime": "2023-12-18 19:52:17",
        "infoDate": "2023-12-18"
    },
    {
        "sno": "500119052",
        "sna": "YouBike2.0_臺大工綜館南側",
        "tot": 26,
        "sbi": 10,
        "sarea": "臺大公館校區",
        "mday": "2023-12-18 19:52:17",
        "lat": 25.01857,
        "lng": 121.54059,
        "ar": "臺大工學院東南側",
        "sareaen": "NTU Dist",
        "snaen": "YouBike2.0_NTU College of Engineering Building(South)",
        "aren": "NTU College of Engineering Building(Southeast)",
        "bemp": 15.142857142857142,
        "act": "1",
        "srcUpdateTime": "2023-12-18 19:52:41",
        "updateTime": "2023-12-18 19:52:51",
        "infoTime": "2023-12-18 19:52:17",
        "infoDate": "2023-12-18"
    },
    {
        "sno": "500119053",
        "sna": "YouBike2.0_臺大天文數學館南側",
        "tot": 19,
        "sbi": 16,
        "sarea": "臺大公館校區",
        "mday": "2023-12-18 19:52:17",
        "lat": 25.02108,
        "lng": 121.53783,
        "ar": "臺大天文數學館西南側",
        "sareaen": "NTU Dist",
        "snaen": "YouBike2.0_NTU Astronomy - Mathematics Building(South)",
        "aren": "NTU Astronomy - Mathematics Building(Southwest)",
        "bemp": 14.428571428571429,
        "act": "1",
        "srcUpdateTime": "2023-12-18 19:52:41",
        "updateTime": "2023-12-18 19:52:51",
        "infoTime": "2023-12-18 19:52:17",
        "infoDate": "2023-12-18"
    },
    {
        "sno": "500119054",
        "sna": "YouBike2.0_臺大心理系館南側",
        "tot": 30,
        "sbi": 11,
        "sarea": "臺大公館校區",
        "mday": "2023-12-18 19:52:17",
        "lat": 25.01941,
        "lng": 121.5404,
        "ar": "臺大心理學系南側",
        "sareaen": "NTU Dist",
        "snaen": "YouBike2.0_NTU Dept. of Psychology (South Hall)",
        "aren": "NTU Dept. of Psychology (South Hall)",
        "bemp": 24.571428571428573,
        "act": "1",
        "srcUpdateTime": "2023-12-18 19:52:41",
        "updateTime": "2023-12-18 19:52:51",
        "infoTime": "2023-12-18 19:52:17",
        "infoDate": "2023-12-18"
    },
    {
        "sno": "500119055",
        "sna": "YouBike2.0_臺大樂學館東側",
        "tot": 28,
        "sbi": 15,
        "sarea": "臺大公館校區",
        "mday": "2023-12-18 19:52:17",
        "lat": 25.01793,
        "lng": 121.53585,
        "ar": "臺大文學院西側",
        "sareaen": "NTU Dist",
        "snaen": "YouBike2.0_NTU Lesyue Building(East)",
        "aren": "Liberal Arts Research Building(West)",
        "bemp": 9.714285714285714,
        "act": "1",
        "srcUpdateTime": "2023-12-18 19:52:41",
        "updateTime": "2023-12-18 19:52:51",
        "infoTime": "2023-12-18 19:52:17",
        "infoDate": "2023-12-18"
    },
    {
        "sno": "500119056",
        "sna": "YouBike2.0_臺大農化新館西側",
        "tot": 10,
        "sbi": 0,
        "sarea": "臺大公館校區",
        "mday": "2023-12-18 19:52:17",
        "lat": 25.01627,
        "lng": 121.53535,
        "ar": "臺大生化科技學系西側",
        "sareaen": "NTU Dist",
        "snaen": "YouBike2.0_NTU New Agricultural Chemistry Building(West)",
        "aren": "NTU Department of Biochemical Science and Technology(West)",
        "bemp": 9.285714285714286,
        "act": "1",
        "srcUpdateTime": "2023-12-18 19:52:41",
        "updateTime": "2023-12-18 19:52:51",
        "infoTime": "2023-12-18 19:52:17",
        "infoDate": "2023-12-18"
    },
    {
        "sno": "500119057",
        "sna": "YouBike2.0_臺大五號館西側",
        "tot": 20,
        "sbi": 1,
        "sarea": "臺大公館校區",
        "mday": "2023-12-18 19:52:17",
        "lat": 25.01666,
        "lng": 121.53718,
        "ar": "臺大生物系館西側",
        "sareaen": "NTU Dist",
        "snaen": "YouBike2.0_NTU Building No.5(West)",
        "aren": "NTU Department of Bioenvironmental Systems Engineering(West)",
        "bemp": 18.714285714285715,
        "act": "1",
        "srcUpdateTime": "2023-12-18 19:52:41",
        "updateTime": "2023-12-18 19:52:51",
        "infoTime": "2023-12-18 19:52:17",
        "infoDate": "2023-12-18"
    },
    {
        "sno": "500119058",
        "sna": "YouBike2.0_臺大舊體育館西側",
        "tot": 33,
        "sbi": 25,
        "sarea": "臺大公館校區",
        "mday": "2023-12-18 19:52:17",
        "lat": 25.0198,
        "lng": 121.53583,
        "ar": "臺大田徑場東側",
        "sareaen": "NTU Dist",
        "snaen": "YouBike2.0_NTU Gymnasium(West)",
        "aren": "NTU Sports Field(East)",
        "bemp": 8.428571428571429,
        "act": "1",
        "srcUpdateTime": "2023-12-18 19:52:41",
        "updateTime": "2023-12-18 19:52:51",
        "infoTime": "2023-12-18 19:52:17",
        "infoDate": "2023-12-18"
    },
    {
        "sno": "500119059",
        "sna": "YouBike2.0_臺大共同教室北側",
        "tot": 20,
        "sbi": 0,
        "sarea": "臺大公館校區",
        "mday": "2023-12-18 19:52:17",
        "lat": 25.01595,
        "lng": 121.53791,
        "ar": "臺大共同教學館東北側",
        "sareaen": "NTU Dist",
        "snaen": "YouBike2.0_NTU Common Subjects Classroom Building(North)",
        "aren": "NTU Common Subjects Classroom Building(Northeast)",
        "bemp": 20.0,
        "act": "0",
        "srcUpdateTime": "2023-12-18 19:52:41",
        "updateTime": "2023-12-18 19:52:51",
        "infoTime": "2023-12-18 19:52:17",
        "infoDate": "2023-12-18"
    },
    {
        "sno": "500119060",
        "sna": "YouBike2.0_臺大共同教室東南側",
        "tot": 12,
        "sbi": 0,
        "sarea": "臺大公館校區",
        "mday": "2023-12-18 19:52:17",
        "lat": 25.01566,
        "lng": 121.53786,
        "ar": "臺大共同教學館東南側",
        "sareaen": "NTU Dist",
        "snaen": "YouBike2.0_NTU Common Subjects Classroom Building(Southeast)",
        "aren": "NTU Common Subjects Classroom Building(Southeast)",
        "bemp": 11.285714285714286,
        "act": "1",
        "srcUpdateTime": "2023-12-18 19:52:41",
        "updateTime": "2023-12-18 19:52:51",
        "infoTime": "2023-12-18 19:52:17",
        "infoDate": "2023-12-18"
    },
    {
        "sno": "500119061",
        "sna": "YouBike2.0_臺大鹿鳴堂東側",
        "tot": 27,
        "sbi": 0,
        "sarea": "臺大公館校區",
        "mday": "2023-12-18 19:52:17",
        "lat": 25.01511,
        "lng": 121.53786,
        "ar": "臺大鹿鳴廣場人行道側",
        "sareaen": "NTU Dist",
        "snaen": "YouBike2.0_NTU LuMing Hall(East)",
        "aren": "NTU Lu Ming Square(Sidewalk)",
        "bemp": 27.0,
        "act": "1",
        "srcUpdateTime": "2023-12-18 19:52:41",
        "updateTime": "2023-12-18 19:52:51",
        "infoTime": "2023-12-18 19:52:17",
        "infoDate": "2023-12-18"
    },
    {
        "sno": "500119062",
        "sna": "YouBike2.0_臺大公館停車場西北側",
        "tot": 12,
        "sbi": 8,
        "sarea": "臺大公館校區",
        "mday": "2023-12-18 19:52:17",
        "lat": 25.01345,
        "lng": 121.53798,
        "ar": "臺大公館停車場西北側",
        "sareaen": "NTU Dist",
        "snaen": "YouBike2.0_NTU Gongguan Car Park (Northwest)",
        "aren": "NTU Gongguan Car Park (Northwest)",
        "bemp": 3.7142857142857144,
        "act": "1",
        "srcUpdateTime": "2023-12-18 19:52:41",
        "updateTime": "2023-12-18 19:52:51",
        "infoTime": "2023-12-18 19:52:17",
        "infoDate": "2023-12-18"
    },
    {
        "sno": "500119063",
        "sna": "YouBike2.0_臺大第二行政大樓南側",
        "tot": 27,
        "sbi": 1,
        "sarea": "臺大公館校區",
        "mday": "2023-12-18 19:52:17",
        "lat": 25.01603,
        "lng": 121.53635,
        "ar": "臺大行政大樓西側",
        "sareaen": "NTU Dist",
        "snaen": "YouBike2.0_NTU 2nd Administration Building(South)",
        "aren": "NTU Administration Building(West)",
        "bemp": 25.571428571428573,
        "act": "1",
        "srcUpdateTime": "2023-12-18 19:52:41",
        "updateTime": "2023-12-18 19:52:51",
        "infoTime": "2023-12-18 19:52:17",
        "infoDate": "2023-12-18"
    },
    {
        "sno": "500119064",
        "sna": "YouBike2.0_臺大明達館機車停車場",
        "tot": 28,
        "sbi": 0,
        "sarea": "臺大公館校區",
        "mday": "2023-12-18 19:52:17",
        "lat": 25.01754,
        "lng": 121.54398,
        "ar": "臺大明達館西側",
        "sareaen": "NTU Dist",
        "snaen": "YouBike2.0_NTU Ming - Da Hall Parking",
        "aren": "NTU Ming - Da Hall(West)",
        "bemp": 27.714285714285715,
        "act": "1",
        "srcUpdateTime": "2023-12-18 19:52:41",
        "updateTime": "2023-12-18 19:52:51",
        "infoTime": "2023-12-18 19:52:17",
        "infoDate": "2023-12-18"
    },
    {
        "sno": "500119065",
        "sna": "YouBike2.0_臺大二號館",
        "tot": 10,
        "sbi": 0,
        "sarea": "臺大公館校區",
        "mday": "2023-12-18 19:52:17",
        "lat": 25.01699,
        "lng": 121.53574,
        "ar": "臺大物理文物廳北側",
        "sareaen": "NTU Dist",
        "snaen": "YouBike2.0_NTU Building No.2",
        "aren": "NTU Heritage Hall of Physics",
        "bemp": 10.0,
        "act": "1",
        "srcUpdateTime": "2023-12-18 19:52:41",
        "updateTime": "2023-12-18 19:52:51",
        "infoTime": "2023-12-18 19:52:17",
        "infoDate": "2023-12-18"
    },
    {
        "sno": "500119066",
        "sna": "YouBike2.0_臺大凝態館南側",
        "tot": 20,
        "sbi": 3,
        "sarea": "臺大公館校區",
        "mday": "2023-12-18 19:52:17",
        "lat": 25.02157,
        "lng": 121.53633,
        "ar": "臺大物理系館南側",
        "sareaen": "NTU Dist",
        "snaen": "YouBike2.0_NTU Center for Condensed Matter Sciences(South)",
        "aren": "NTU Dept. of Physics Library",
        "bemp": 17.0,
        "act": "1",
        "srcUpdateTime": "2023-12-18 19:52:41",
        "updateTime": "2023-12-18 19:52:51",
        "infoTime": "2023-12-18 19:52:17",
        "infoDate": "2023-12-18"
    },
    {
        "sno": "500119067",
        "sna": "YouBike2.0_臺大社科院西側",
        "tot": 42,
        "sbi": 4,
        "sarea": "臺大公館校區",
        "mday": "2023-12-18 19:52:17",
        "lat": 25.02053,
        "lng": 121.54145,
        "ar": "臺大社科院西側",
        "sareaen": "NTU Dist",
        "snaen": "YouBike2.0_NTU College of social Sciences Building(West)",
        "aren": "NTU College of social Sciences Building(West)",
        "bemp": 33.285714285714285,
        "act": "1",
        "srcUpdateTime": "2023-12-18 19:52:41",
        "updateTime": "2023-12-18 19:52:51",
        "infoTime": "2023-12-18 19:52:17",
        "infoDate": "2023-12-18"
    },
    {
        "sno": "500119068",
        "sna": "YouBike2.0_臺大社會系館南側",
        "tot": 39,
        "sbi": 9,
        "sarea": "臺大公館校區",
        "mday": "2023-12-18 19:52:17",
        "lat": 25.01987,
        "lng": 121.54175,
        "ar": "臺大社會及社工館南側",
        "sareaen": "NTU Dist",
        "snaen": "YouBike2.0_NTU Department of Sociology(South)",
        "aren": "NTU Dept. of Sociology / Dept. of Social Work(South)",
        "bemp": 21.714285714285715,
        "act": "1",
        "srcUpdateTime": "2023-12-18 19:52:41",
        "updateTime": "2023-12-18 19:52:51",
        "infoTime": "2023-12-18 19:52:17",
        "infoDate": "2023-12-18"
    },
    {
        "sno": "500119069",
        "sna": "YouBike2.0_臺大思亮館東南側",
        "tot": 10,
        "sbi": 2,
        "sarea": "臺大公館校區",
        "mday": "2023-12-18 19:52:17",
        "lat": 25.02074,
        "lng": 121.53906,
        "ar": "臺大思亮館東南側",
        "sareaen": "NTU Dist",
        "snaen": "YouBike2.0_NTU Shih - Liang Hall(Southeast)",
        "aren": "NTU Shih - Liang Hall(Southeast)",
        "bemp": 7.571428571428571,
        "act": "1",
        "srcUpdateTime": "2023-12-18 19:52:41",
        "updateTime": "2023-12-18 19:52:51",
        "infoTime": "2023-12-18 19:52:17",
        "infoDate": "2023-12-18"
    },
    {
        "sno": "500119070",
        "sna": "YouBike2.0_臺大椰林小舖",
        "tot": 48,
        "sbi": 48,
        "sarea": "臺大公館校區",
        "mday": "2023-12-18 19:52:17",
        "lat": 25.01561,
        "lng": 121.53583,
        "ar": "臺大椰林小舖旁",
        "sareaen": "NTU Dist",
        "snaen": "YouBike2.0_NTU Green Cabin",
        "aren": "NTU Green Cabin",
        "bemp": 1.4285714285714286,
        "act": "1",
        "srcUpdateTime": "2023-12-18 19:52:41",
        "updateTime": "2023-12-18 19:52:51",
        "infoTime": "2023-12-18 19:52:17",
        "infoDate": "2023-12-18"
    },
    {
        "sno": "500119071",
        "sna": "YouBike2.0_臺大計資中心南側",
        "tot": 34,
        "sbi": 0,
        "sarea": "臺大公館校區",
        "mday": "2023-12-18 19:52:17",
        "lat": 25.02036,
        "lng": 121.53992,
        "ar": "臺大計算機網路資訊中心南側",
        "sareaen": "NTU Dist",
        "snaen": "YouBike2.0_NTU Computer and Information Networking Center(South)",
        "aren": "NTU Computer and Information Networking Center(South)",
        "bemp": 32.0,
        "act": "1",
        "srcUpdateTime": "2023-12-18 19:52:41",
        "updateTime": "2023-12-18 19:52:51",
        "infoTime": "2023-12-18 19:52:17",
        "infoDate": "2023-12-18"
    },
    {
        "sno": "500119072",
        "sna": "YouBike2.0_臺大原分所北側",
        "tot": 12,
        "sbi": 0,
        "sarea": "臺大公館校區",
        "mday": "2023-12-18 19:52:17",
        "lat": 25.01881,
        "lng": 121.53868,
        "ar": "臺大原子與分子科學研究所東北側",
        "sareaen": "NTU Dist",
        "snaen": "YouBike2.0_NTU Institute of Atomic and Molecular Sciences(North)",
        "aren": "NTU Institute of Atomic and Molecular Sciences(Northeast)",
        "bemp": 11.714285714285714,
        "act": "1",
        "srcUpdateTime": "2023-12-18 19:52:41",
        "updateTime": "2023-12-18 19:52:51",
        "infoTime": "2023-12-18 19:52:17",
        "infoDate": "2023-12-18"
    },
    {
        "sno": "500119074",
        "sna": "YouBike2.0_臺大生命科學館西北側",
        "tot": 30,
        "sbi": 0,
        "sarea": "臺大公館校區",
        "mday": "2023-12-18 19:52:17",
        "lat": 25.01548,
        "lng": 121.53825,
        "ar": "臺大動物博物館西側",
        "sareaen": "NTU Dist",
        "snaen": "YouBike2.0_NTU Life Science Building(Northwest)",
        "aren": "Museum of Zoology(West)",
        "bemp": 30.0,
        "act": "1",
        "srcUpdateTime": "2023-12-18 19:52:41",
        "updateTime": "2023-12-18 19:52:51",
        "infoTime": "2023-12-18 19:52:17",
        "infoDate": "2023-12-18"
    },
    {
        "sno": "500119075",
        "sna": "YouBike2.0_臺大第一活動中心西南側",
        "tot": 40,
        "sbi": 1,
        "sarea": "臺大公館校區",
        "mday": "2023-12-18 19:52:17",
        "lat": 25.01761,
        "lng": 121.53995,
        "ar": "第一學生活動中心東南側",
        "sareaen": "NTU Dist",
        "snaen": "YouBike2.0_NTU 1st Student Activity Center(Southwest)",
        "aren": "NTU 1st Student Activity Center(Southeast)",
        "bemp": 34.714285714285715,
        "act": "1",
        "srcUpdateTime": "2023-12-18 19:52:41",
        "updateTime": "2023-12-18 19:52:51",
        "infoTime": "2023-12-18 19:52:17",
        "infoDate": "2023-12-18"
    },
    {
        "sno": "500119076",
        "sna": "YouBike2.0_臺大博理館西側",
        "tot": 22,
        "sbi": 1,
        "sarea": "臺大公館校區",
        "mday": "2023-12-18 19:52:17",
        "lat": 25.01922,
        "lng": 121.54195,
        "ar": "臺大博理館西側",
        "sareaen": "NTU Dist",
        "snaen": "YouBike2.0_NTU Barry Lam Hall(West)",
        "aren": "NTU Barry Lam Hall(West)",
        "bemp": 20.428571428571427,
        "act": "1",
        "srcUpdateTime": "2023-12-18 19:52:41",
        "updateTime": "2023-12-18 19:52:51",
        "infoTime": "2023-12-18 19:52:17",
        "infoDate": "2023-12-18"
    },
    {
        "sno": "500119077",
        "sna": "YouBike2.0_臺大博雅館西側",
        "tot": 56,
        "sbi": 42,
        "sarea": "臺大公館校區",
        "mday": "2023-12-18 19:52:17",
        "lat": 25.0189,
        "lng": 121.536,
        "ar": "臺大博雅館西側",
        "sareaen": "NTU Dist",
        "snaen": "YouBike2.0_NTU Liberal Education Classroom Building(West)",
        "aren": "NTU Liberal Education Classroom Building(West)",
        "bemp": 14.0,
        "act": "1",
        "srcUpdateTime": "2023-12-18 19:52:41",
        "updateTime": "2023-12-18 19:52:51",
        "infoTime": "2023-12-18 19:52:17",
        "infoDate": "2023-12-18"
    },
    {
        "sno": "500119078",
        "sna": "YouBike2.0_臺大森林館北側",
        "tot": 10,
        "sbi": 0,
        "sarea": "臺大公館校區",
        "mday": "2023-12-18 19:52:17",
        "lat": 25.01704,
        "lng": 121.53888,
        "ar": "臺大森林系學系北側",
        "sareaen": "NTU Dist",
        "snaen": "YouBike2.0_NTU Forestry Building(North)",
        "aren": "NTU Forestry Building(North)",
        "bemp": 10.0,
        "act": "1",
        "srcUpdateTime": "2023-12-18 19:52:41",
        "updateTime": "2023-12-18 19:52:51",
        "infoTime": "2023-12-18 19:52:17",
        "infoDate": "2023-12-18"
    },
    {
        "sno": "500119079",
        "sna": "YouBike2.0_臺大一號館",
        "tot": 19,
        "sbi": 1,
        "sarea": "臺大公館校區",
        "mday": "2023-12-18 19:52:17",
        "lat": 25.01698,
        "lng": 121.53455,
        "ar": "臺大植物魚類標本館一號館北側",
        "sareaen": "NTU Dist",
        "snaen": "YouBike2.0_NTU Building No.1",
        "aren": "NTU Building No.1(North)",
        "bemp": 15.857142857142858,
        "act": "1",
        "srcUpdateTime": "2023-12-18 19:52:41",
        "updateTime": "2023-12-18 19:52:51",
        "infoTime": "2023-12-18 19:52:17",
        "infoDate": "2023-12-18"
    },
    {
        "sno": "500119080",
        "sna": "YouBike2.0_臺大小小福西南側",
        "tot": 10,
        "sbi": 3,
        "sarea": "臺大公館校區",
        "mday": "2023-12-18 19:52:17",
        "lat": 25.01539,
        "lng": 121.53686,
        "ar": "臺大進修教育大樓",
        "sareaen": "NTU Dist",
        "snaen": "YouBike2.0_NTU Xiao Xiao Fu Commissary(Southwest)",
        "aren": "NTU Omnium Gatherum Building",
        "bemp": 8.142857142857142,
        "act": "1",
        "srcUpdateTime": "2023-12-18 19:52:41",
        "updateTime": "2023-12-18 19:52:51",
        "infoTime": "2023-12-18 19:52:17",
        "infoDate": "2023-12-18"
    },
    {
        "sno": "500119081",
        "sna": "YouBike2.0_臺大教研館北側",
        "tot": 11,
        "sbi": 0,
        "sarea": "臺大公館校區",
        "mday": "2023-12-18 19:52:17",
        "lat": 25.01337,
        "lng": 121.53909,
        "ar": "臺大雅頌廣場東南側",
        "sareaen": "NTU Dist",
        "snaen": "YouBike2.0_NTU Teaching and Research Building(North)",
        "aren": "NTU The Odeum Square(Southeast)",
        "bemp": 10.0,
        "act": "1",
        "srcUpdateTime": "2023-12-18 19:52:41",
        "updateTime": "2023-12-18 19:52:51",
        "infoTime": "2023-12-18 19:52:17",
        "infoDate": "2023-12-18"
    },
    {
        "sno": "500119082",
        "sna": "YouBike2.0_臺大四號館東北側",
        "tot": 10,
        "sbi": 0,
        "sarea": "臺大公館校區",
        "mday": "2023-12-18 19:52:17",
        "lat": 25.01703,
        "lng": 121.53781,
        "ar": "臺大園藝暨景觀學系北側",
        "sareaen": "NTU Dist",
        "snaen": "YouBike2.0_NTU Building No.4(Northeast)",
        "aren": "NTU Department of Horticulture(North)",
        "bemp": 9.285714285714286,
        "act": "1",
        "srcUpdateTime": "2023-12-18 19:52:41",
        "updateTime": "2023-12-18 19:52:51",
        "infoTime": "2023-12-18 19:52:17",
        "infoDate": "2023-12-18"
    },
    {
        "sno": "500119083",
        "sna": "YouBike2.0_臺大新生教室南側",
        "tot": 18,
        "sbi": 0,
        "sarea": "臺大公館校區",
        "mday": "2023-12-18 19:52:17",
        "lat": 25.0196,
        "lng": 121.53846,
        "ar": "臺大新生教學館南側",
        "sareaen": "NTU Dist",
        "snaen": "YouBike2.0_NTU Freshman Classroom Building(South)",
        "aren": "NTU Freshman Classroom Building(South)",
        "bemp": 17.714285714285715,
        "act": "1",
        "srcUpdateTime": "2023-12-18 19:52:41",
        "updateTime": "2023-12-18 19:52:51",
        "infoTime": "2023-12-18 19:52:17",
        "infoDate": "2023-12-18"
    },
    {
        "sno": "500119084",
        "sna": "YouBike2.0_臺大鄭江樓北側",
        "tot": 10,
        "sbi": 3,
        "sarea": "臺大公館校區",
        "mday": "2023-12-18 19:52:17",
        "lat": 25.019,
        "lng": 121.54305,
        "ar": "臺大新聞研究所南側",
        "sareaen": "NTU Dist",
        "snaen": "YouBike2.0_NTU Tseng Jiang Hall(North)",
        "aren": "NTU Graduate Institute of Journalism(South)",
        "bemp": 7.571428571428571,
        "act": "1",
        "srcUpdateTime": "2023-12-18 19:52:41",
        "updateTime": "2023-12-18 19:52:51",
        "infoTime": "2023-12-18 19:52:17",
        "infoDate": "2023-12-18"
    },
    {
        "sno": "500119085",
        "sna": "YouBike2.0_臺大電機二館東南側",
        "tot": 14,
        "sbi": 0,
        "sarea": "臺大公館校區",
        "mday": "2023-12-18 19:52:17",
        "lat": 25.01857,
        "lng": 121.54247,
        "ar": "臺大電機二館南側",
        "sareaen": "NTU Dist",
        "snaen": "YouBike2.0_NTU E. E. Building No. 2(Southeast)",
        "aren": "NTU E. E. Building No. 2(Southeast)",
        "bemp": 13.428571428571429,
        "act": "1",
        "srcUpdateTime": "2023-12-18 19:52:41",
        "updateTime": "2023-12-18 19:52:51",
        "infoTime": "2023-12-18 19:52:17",
        "infoDate": "2023-12-18"
    },
    {
        "sno": "500119086",
        "sna": "YouBike2.0_臺大圖資系館北側",
        "tot": 25,
        "sbi": 1,
        "sarea": "臺大公館校區",
        "mday": "2023-12-18 19:52:17",
        "lat": 25.01804,
        "lng": 121.53928,
        "ar": "臺大圖書資訊館北側",
        "sareaen": "NTU Dist",
        "snaen": "YouBike2.0_NTU Dept. of Library and Information Sciences(North)",
        "aren": "NTU Dept. of Library and Information Sciences(North)",
        "bemp": 23.428571428571427,
        "act": "1",
        "srcUpdateTime": "2023-12-18 19:52:41",
        "updateTime": "2023-12-18 19:52:51",
        "infoTime": "2023-12-18 19:52:17",
        "infoDate": "2023-12-18"
    },
    {
        "sno": "500119087",
        "sna": "YouBike2.0_臺大總圖書館西南側",
        "tot": 30,
        "sbi": 5,
        "sarea": "臺大公館校區",
        "mday": "2023-12-18 19:52:17",
        "lat": 25.0169,
        "lng": 121.54031,
        "ar": "臺大圖書館西南側",
        "sareaen": "NTU Dist",
        "snaen": "YouBike2.0_NTU Main Library(Southwest)",
        "aren": "NTU Main Library(Southwest)",
        "bemp": 27.428571428571427,
        "act": "1",
        "srcUpdateTime": "2023-12-18 19:52:41",
        "updateTime": "2023-12-18 19:52:51",
        "infoTime": "2023-12-18 19:52:17",
        "infoDate": "2023-12-18"
    },
    {
        "sno": "500119088",
        "sna": "YouBike2.0_臺大黑森林西側",
        "tot": 20,
        "sbi": 2,
        "sarea": "臺大公館校區",
        "mday": "2023-12-18 19:52:17",
        "lat": 25.01995,
        "lng": 121.54347,
        "ar": "臺大霖澤館南側",
        "sareaen": "NTU Dist",
        "snaen": "YouBike2.0_NTU Black Forest(West)",
        "aren": "NTU Tsai Lecture Hall(South)",
        "bemp": 18.428571428571427,
        "act": "1",
        "srcUpdateTime": "2023-12-18 19:52:41",
        "updateTime": "2023-12-18 19:52:51",
        "infoTime": "2023-12-18 19:52:17",
        "infoDate": "2023-12-18"
    },
    {
        "sno": "500119089",
        "sna": "YouBike2.0_臺大獸醫館南側",
        "tot": 24,
        "sbi": 0,
        "sarea": "臺大公館校區",
        "mday": "2023-12-18 19:52:17",
        "lat": 25.01791,
        "lng": 121.54242,
        "ar": "臺大獸醫系館南側",
        "sareaen": "NTU Dist",
        "snaen": "YouBike2.0_NTU Dept. of Veterinary Medicine(South)",
        "aren": "NTU Dept. of Veterinary Medicine(South)",
        "bemp": 24.0,
        "act": "1",
        "srcUpdateTime": "2023-12-18 19:52:41",
        "updateTime": "2023-12-18 19:52:51",
        "infoTime": "2023-12-18 19:52:17",
        "infoDate": "2023-12-18"
    },
    {
        "sno": "500119090",
        "sna": "YouBike2.0_臺大新體育館東南側",
        "tot": 40,
        "sbi": 15,
        "sarea": "臺大公館校區",
        "mday": "2023-12-18 19:52:17",
        "lat": 25.02112,
        "lng": 121.53591,
        "ar": "臺大體育館東側",
        "sareaen": "NTU Dist",
        "snaen": "YouBike2.0_NTU Sports Center(Southeast)",
        "aren": "NTU Sports Center(East)",
        "bemp": 24.857142857142858,
        "act": "1",
        "srcUpdateTime": "2023-12-18 19:52:41",
        "updateTime": "2023-12-18 19:52:51",
        "infoTime": "2023-12-18 19:52:17",
        "infoDate": "2023-12-18"
    },
    {
        "sno": "500119091",
        "sna": "YouBike2.0_臺大明達館北側(員工宿舍)",
        "tot": 18,
        "sbi": 13,
        "sarea": "臺大公館校區",
        "mday": "2023-12-18 19:52:17",
        "lat": 25.01816,
        "lng": 121.54469,
        "ar": "明達館北側前空地",
        "sareaen": "NTU Dist",
        "snaen": "YouBike2.0_NTU Ming - Da Hall (Staff Dormitory)",
        "aren": "NTU Ming - Da Hall (North)",
        "bemp": 5.285714285714286,
        "act": "1",
        "srcUpdateTime": "2023-12-18 19:52:41",
        "updateTime": "2023-12-18 19:52:51",
        "infoTime": "2023-12-18 19:52:17",
        "infoDate": "2023-12-18"
    }
]